{
    "fields": [
        {
            "type": "number",
            "name": "id",
            "internal": false,
            "key": true,
            "oid": "a955b237-dd6d-4c1c-ac78-bc3d5323c188",
            "required": true,
            "unique": true,
            "displayLabel": "Id"
        },
        {
            "type": "datetime",
            "name": "creationDate",
            "internal": false,
            "oid": "e76e29c1-5192-4e61-a380-fb91afd097a8",
            "displayLabel": "Created",
            "historyType": "timeCreated"
        },
        {
            "type": "datetime",
            "name": "lastUpdateDate",
            "internal": false,
            "oid": "8a73a9fc-ba64-4a09-93c7-7a3c198d5cb8",
            "displayLabel": "Last Updated",
            "historyType": "timeUpdated"
        },
        {
            "type": "string",
            "name": "createdBy",
            "internal": false,
            "oid": "db2a25ea-724d-4eeb-989b-368de648eb15",
            "displayLabel": "Created By",
            "historyType": "createdBy"
        },
        {
            "type": "string",
            "name": "lastUpdatedBy",
            "internal": false,
            "oid": "2742d38c-1002-4291-8f24-6d3a3e0e67b4",
            "displayLabel": "Last Updated By",
            "historyType": "updatedBy"
        },
        {
            "type": "number",
            "name": "versionNumber",
            "internal": false,
            "oid": "accd3458-5a9a-40c1-b8c0-e0853388425e",
            "displayLabel": "Version Number",
            "historyType": "versionNumber"
        },
        {
            "type": "number",
            "name": "amount",
            "oid": "3581a2d3-0259-4fa7-a8c0-a800a3db5d76",
            "displayLabel": "Amount"
        },
        {
            "type": "string",
            "name": "subject",
            "oid": "e2590abd-bc74-41ad-a088-f140d579b307",
            "displayLabel": "Subject"
        },
        {
            "type": "string",
            "name": "description",
            "oid": "ac527081-163d-45db-936f-5d903115b2d3",
            "displayLabel": "Description"
        },
        {
            "type": "number",
            "name": "employeeId",
            "oid": "6109a3fe-832d-46a6-b4c9-b982b9b82078",
            "displayLabel": "Employee Id"
        },
        {
            "type": "boolean",
            "name": "approved",
            "oid": "165b14ea-c6b5-4aef-84f1-968730b323f0",
            "displayLabel": "Approved"
        }
    ],
    "name": "Expense",
    "oid": "66ba21a5-73d7-4898-8c3b-5efbea64c616",
    "relationships": [
        {
            "name": "employeeIdObject",
            "reverseRelationship": "expenseCollection",
            "targetEntity": "Employee",
            "type": "outgoing",
            "exposeAccessor": true,
            "mappingField": "employeeId",
            "deleteRule": "restrict"
        }
    ],
    "displayLabel": "Expense",
    "triggers": [
        {
            "definition": "// Field Trigger Beginning \nprintln 'Field Trigger started: Approval Trigger, business object: Expense, field: amount';\n\ntry {\n\n  // Execute Conditionally Criterion (Amount is less than 100)\n  def codeCriterion_1 = (amount < 100);\n  println \"Trigger condition (amount < 100) is \" + codeCriterion_1;\n  if (codeCriterion_1) {\n    // Action Group (Action Group)\n    approved = true;\n\n    return;\n  }\n  // Execute Conditionally Criterion (Amount is greater than 100)\n  def codeCriterion_2 = (amount >= 100);\n  println \"Trigger condition (amount >= 100) is \" + codeCriterion_2;\n  if (codeCriterion_2) {\n    // Action Group (Action Group)\n    approved = false;\n\n    return;\n  }\n\n} finally {\n\n  // Field Trigger End \n  println 'Field Trigger ended: Approval Trigger';\n\n}",
            "displayName": "Approval Trigger",
            "name": "amount_Field_Rule_0",
            "refId": "9ed31f26-2c53-4d80-ab8f-5753cffe21b4",
            "type": "Modify",
            "onProperty": "amount"
        }
    ],
    "validators": [
        {
            "definition": "amount > 0 && amount<=500\n",
            "displayName": "Amount Validator",
            "errorMessage": "The Amount must be between 1 to 500",
            "name": "Validation_Rule_0",
            "refId": "7669096b-55a5-4b12-a6a3-a1ca1f106bc8"
        }
    ]
}