id,creationDate,lastUpdateDate,createdBy,lastUpdatedBy,amount,subject,description,employeeId,approved
20,2025-05-05T02:28:39.565,2025-05-05T02:28:39.565,98833096-ora006,98833096-ora006,60.0,Entertainment,Client gift basket,10,true
21,2025-05-05T02:28:39.565,2025-05-05T02:28:39.565,98833096-ora006,98833096-ora006,150.2,Meals,Dinner with partners,6,false
22,2025-05-05T02:28:39.566,2025-05-05T02:28:39.566,98833096-ora006,98833096-ora006,34.99,Marketing,Printing marketing materials,11,true
23,2025-05-05T02:28:39.566,2025-05-05T02:28:39.566,98833096-ora006,98833096-ora006,95.0,Travel,Local transportation,8,true
