id,creationDate,lastUpdateDate,createdBy,lastUpdatedBy,amount,subject,description,employeeId,approved
15,2025-05-05T02:28:39.565,2025-05-05T02:28:39.565,98833096-ora006,98833096-ora006,120.5,Meals,Lunch meeting with client,7,false
16,2025-05-05T02:28:39.565,2025-05-05T02:28:39.565,98833096-ora006,98833096-ora006,89.99,Travel,Taxi to airport,5,true
17,2025-05-05T02:28:39.565,2025-05-05T02:28:39.565,98833096-ora006,98833096-ora006,300.0,Accommodation,Hotel stay for conference,9,false
18,2025-05-05T02:28:39.565,2025-05-05T02:28:39.565,98833096-ora006,98833096-ora006,45.0,Supplies,Office supplies from store,4,true
19,2025-05-05T02:28:39.565,2025-05-05T02:28:39.565,98833096-ora006,98833096-ora006,250.75,Travel,Airfare to NYC,12,false
20,2025-05-05T02:28:39.565,2025-05-05T02:28:39.565,98833096-ora006,98833096-ora006,60.0,Entertainment,Client gift basket,10,true
21,2025-05-05T02:28:39.565,2025-05-05T02:28:39.565,98833096-ora006,98833096-ora006,150.2,Meals,Dinner with partners,6,false
22,2025-05-05T02:28:39.566,2025-05-05T02:28:39.566,98833096-ora006,98833096-ora006,34.99,Marketing,Printing marketing materials,11,true
23,2025-05-05T02:28:39.566,2025-05-05T02:28:39.566,98833096-ora006,98833096-ora006,95.0,Travel,Local transportation,8,true
24,2025-05-05T02:28:39.566,2025-05-05T02:28:39.566,98833096-ora006,98833096-ora006,400.0,Software,Software subscription annual fee,13,false
