{
    "openapi": "3.0.0",
    "info": {
        "title": "Api",
        "version": "1.0.0"
    },
    "servers": [
        {
            "url": "vb-catalog://backends/users"
        }
    ],
    "paths": {
        "/users/": {
            "get": {
                "operationId": "getUsers",
                "responses": {
                    "default": {
                        "description": "Response for default",
                        "content": {
                            "application/json": {
                                "schema": {
                                    "$ref": "#/components/schemas/GetUsers"
                                },
                                "examples": {
                                    "vb": {
                                        "summary": "Example stored by VB User",
                                        "externalValue": "./examples/getUsers/response_default_application_json_vb.json"
                                    }
                                }
                            }
                        }
                    }
                },
                "x-vb": {
                    "actionHint": "getMany",
                    "headers": {
                        "x-api-key": " reqres-free-v1"
                    }
                }
            }
        }
    },
    "components": {
        "schemas": {
            "GetUsers": {
                "type": "object",
                "properties": {
                    "page": {
                        "type": "integer"
                    },
                    "per_page": {
                        "type": "integer"
                    },
                    "total": {
                        "type": "integer"
                    },
                    "total_pages": {
                        "type": "integer"
                    },
                    "data": {
                        "type": "array",
                        "items": {
                            "type": "object",
                            "properties": {
                                "id": {
                                    "type": "integer"
                                },
                                "email": {
                                    "type": "string"
                                },
                                "first_name": {
                                    "type": "string"
                                },
                                "last_name": {
                                    "type": "string"
                                },
                                "avatar": {
                                    "type": "string"
                                }
                            }
                        }
                    },
                    "support": {
                        "type": "object",
                        "properties": {
                            "url": {
                                "type": "string"
                            },
                            "text": {
                                "type": "string"
                            }
                        }
                    }
                }
            }
        }
    }
}