{
  "title": "Edit Customer",
  "description": "Updates single accounts record",
  "variables": {
    "accounts": {
      "type": "getAccountsResponse"
    },
    "accountsETag": {
      "type": "string"
    },
    "accountsId": {
      "type": "string",
      "required": true,
      "input": "fromUrl"
    },
    "fetchedAccounts": {
      "type": "getAccountsResponse"
    },
    "saveAccountsChainInProgress": {
      "type": "boolean",
      "defaultValue": false
    }
  },
  "metadata": {},
  "types": {
    "@decorators.getAccountsResponse": {
      "endpoint": "get_accounts",
      "service": "crmRestApi",
      "path": "response"
    },
    "getAccountsResponse": {
      "CEOName": "string",
      "CEOTitle": "string",
      "EmailAddress": "string",
      "URL": "string"
    }
  },
  "eventListeners": {
    "backButtonClicked": {
      "chains": [
        {
          "chain": "goBackChain"
        }
      ]
    },
    "saveButtonClicked": {
      "chains": [
        {
          "chain": "saveAccountsChain"
        }
      ]
    },
    "vbEnter": {
      "chains": [
        {
          "chain": "loadAccountsChain"
        }
      ]
    }
  },
  "imports": {
    "components": {
      "oj-button": {
        "path": "ojs/ojbutton"
      },
      "oj-form-layout": {
        "path": "ojs/ojformlayout"
      },
      "oj-input-text": {
        "path": "ojs/ojinputtext"
      },
      "oj-validation-group": {
        "path": "ojs/ojvalidationgroup"
      }
   },
    "modules": {
      "ojValidationBase": {
        "path": "ojs/ojvalidation-base"
      }
    }
  }
}