{
  "title": "Customers",
  "description": "",
  "variables": {
    "accountsListSDP": {
      "type": "vb/ServiceDataProvider",
      "defaultValue": {
        "endpoint": "crmRestApi/getall_accounts",
        "keyAttributes": "PartyNumber",
        "itemsPath": "items",
        "responseType": "getallAccountsResponse"
      }
    },
    "oj_table_338272316_1SelectedId": {
      "type": "string",
      "defaultValue": ""
    }
  },
  "metadata": {},
  "types": {
    "@decorators.getallAccountsResponse": {
      "endpoint": "getall_accounts",
      "service": "crmRestApi",
      "path": "response"
    },
    "getallAccountsResponse": {
      "items": [
        {
          "CEOName": "string",
          "CEOTitle": "string",
          "Country": "string",
          "EmailAddress": "string",
          "PartyNumber": "string",
          "URL": "string"
        }
      ]
    }
  },
  "eventListeners": {
    "editAccountsButtonClicked": {
      "chains": [
        {
          "chain": "navigateToEditAccountsChain",
          "parameters": {
            "accountsId": "[[ $variables.oj_table_338272316_1SelectedId ]]"
          }
        }
      ]
    },
    "ojTable3382723161Selection": {
      "chains": [
        {
          "chain": "ojTable3382723161ChangeSelectionChain",
          "parameters": {
            "accountsId": "[[ $event.detail.value.key || '' ]]"
          }
        }
      ]
    },
    "radiosetValue": {
      "chains": [
        {
          "chain": "RadiosetValueChangeChain",
          "parameters": {
            "value": "{{ $event.detail.value }}"
          }
        }
      ]
    }
  },
  "imports": {
    "components": {
      "oj-button": {
        "path": "ojs/ojbutton"
      },
      "oj-option": {
        "path": "ojs/ojoption"
      },
      "oj-radioset": {
        "path": "ojs/ojradioset"
      },
      "oj-table": {
        "path": "ojs/ojtable"
      },
      "oj-toolbar": {
        "path": "ojs/ojtoolbar"
      }
   }
  }
}