{
  "title": "advanced functionality card layout",
  "description": "",
  "variables": {
    "getUsersListSDP": {
      "type": "vb/ServiceDataProvider",
      "defaultValue": {
        "endpoint": "Users/getUsers",
        "keyAttributes": "id",
        "itemsPath": "data",
        "responseType": "getUsersResponse"
      }
    }
  },
  "metadata": {},
  "types": {
    "@decorators.getUsersResponse": {
      "endpoint": "getUsers",
      "service": "Users",
      "path": "response"
    },
    "getUsersResponse": {
      "data": [
        {
          "avatar": "string",
          "first_name": "string",
          "id": "number",
          "last_name": "string"
        }
      ]
    }
  },
  "eventListeners": {},
  "imports": {
    "components": {
      "oj-avatar": {
        "path": "ojs/ojavatar"
      },
      "oj-list-item-layout": {
        "path": "ojs/ojlistitemlayout"
      },
      "oj-list-view": {
        "path": "ojs/ojlistview"
      }
   }
  }
}