{
  "title": "advanced functionality charts",
  "description": "",
  "variables": {
    "salesListSDP": {
      "type": "vb/ServiceDataProvider",
      "defaultValue": {
        "endpoint": "businessObjects/getall_Sales",
        "keyAttributes": "id",
        "itemsPath": "items",
        "responseType": "getallSalesResponse"
      }
    },
    "salesListSDP2": {
      "type": "vb/ServiceDataProvider",
      "defaultValue": {
        "endpoint": "businessObjects/getall_Sales",
        "keyAttributes": "id",
        "itemsPath": "items",
        "responseType": "getallSalesResponse2"
      }
    },
    "salesListSDP3": {
      "type": "vb/ServiceDataProvider",
      "defaultValue": {
        "endpoint": "businessObjects/getall_Sales",
        "keyAttributes": "id",
        "itemsPath": "items",
        "responseType": "getallSalesResponse3"
      }
    }
  },
  "metadata": {},
  "types": {
    "@decorators.getallSalesResponse": {
      "endpoint": "getall_Sales",
      "service": "businessObjects",
      "path": "response"
    },
    "@decorators.getallSalesResponse2": {
      "endpoint": "getall_Sales",
      "service": "businessObjects",
      "path": "response"
    },
    "@decorators.getallSalesResponse3": {
      "endpoint": "getall_Sales",
      "service": "businessObjects",
      "path": "response"
    },
    "getallSalesResponse": {
      "items": [
        {
          "amount": "number",
          "department": "string",
          "id": "number",
          "year": "number"
        }
      ]
    },
    "getallSalesResponse2": {
      "items": [
        {
          "amount": "number",
          "id": "number",
          "year": "number"
        }
      ]
    },
    "getallSalesResponse3": {
      "items": [
        {
          "amount": "number",
          "department": "string",
          "id": "number",
          "year": "number"
        }
      ]
    }
  },
  "eventListeners": {},
  "imports": {
    "components": {
      "oj-chart": {
        "path": "ojs/ojchart"
      },
      "oj-chart-item": {
        "path": "ojs/ojchart"
      }
   }
  }
}