{
  "title": "advanced functionality checkbox",
  "description": "",
  "variables": {
    "employeeListSDP": {
      "type": "vb/ServiceDataProvider",
      "defaultValue": {
        "endpoint": "businessObjects/getall_Employee",
        "keyAttributes": "id",
        "itemsPath": "items",
        "responseType": "getallEmployeeResponse",
        "transformsContext": {
          "vb-textFilterAttributes": [
            "emailAddress"
          ]
        }
      }
    }
  },
  "metadata": {},
  "types": {
    "@decorators.getallEmployeeResponse": {
      "endpoint": "getall_Employee",
      "service": "businessObjects",
      "path": "response"
    },
    "getallEmployeeResponse": {
      "items": [
        {
          "emailAddress": "string",
          "id": "number"
        }
      ]
    }
  },
  "eventListeners": {},
  "imports": {
    "components": {
      "oj-checkboxset": {
        "path": "ojs/ojcheckboxset"
      },
      "oj-option": {
        "path": "ojs/ojoption"
      }
   }
  }
}