{
  "title": "advanced functionality search page",
  "description": "",
  "variables": {
    "emailAddressCriteria": {
      "type": "searchCriteria",
      "defaultValue": {
        "attribute": "emailAddress",
        "op": "$eq"
      }
    },
    "employeeListSDP": {
      "type": "vb/ServiceDataProvider",
      "defaultValue": {
        "endpoint": "businessObjects/getall_Employee",
        "keyAttributes": "id",
        "itemsPath": "items",
        "responseType": "getallEmployeeResponse"
      }
    },
    "firstNameCriteria": {
      "type": "searchCriteria",
      "defaultValue": {
        "attribute": "firstName",
        "op": "$co"
      }
    },
    "lastNameCriteria": {
      "type": "searchCriteria",
      "defaultValue": {
        "attribute": "lastName",
        "op": "$co"
      }
    },
    "qualificationCriteria": {
      "type": "searchCriteria",
      "defaultValue": {
        "attribute": "qualification",
        "op": "$eq"
      }
    },
    "qualificationListSDP": {
      "type": "vb/ServiceDataProvider",
      "defaultValue": {
        "endpoint": "businessObjects/getall_Qualification",
        "keyAttributes": "qualification",
        "itemsPath": "items",
        "responseType": "getallQualificationResponse",
        "transformsContext": {
          "vb-textFilterAttributes": [
            "qualification"
          ]
        }
      }
    }
  },
  "metadata": {},
  "types": {
    "@decorators.getallEmployeeResponse": {
      "endpoint": "getall_Employee",
      "service": "businessObjects",
      "path": "response"
    },
    "@decorators.getallQualificationResponse": {
      "endpoint": "getall_Qualification",
      "service": "businessObjects",
      "path": "response"
    },
    "getallEmployeeResponse": {
      "items": [
        {
          "age": "number",
          "contactNumber": "string",
          "emailAddress": "string",
          "firstName": "string",
          "fullName": "string",
          "id": "number",
          "lastName": "string",
          "qualification": "string"
        }
      ]
    },
    "getallQualificationResponse": {
      "items": [
        {
          "qualification": "string"
        }
      ]
    },
    "searchCriteria": {
      "attribute": "string",
      "op": "string",
      "value": "string"
    }
  },
  "eventListeners": {
    "buttonAction": {
      "chains": [
        {
          "chain": "ButtonActionChain"
        }
      ]
    },
    "buttonAction2": {
      "chains": [
        {
          "chain": "ButtonActionChain1"
        }
      ]
    }
  },
  "imports": {
    "components": {
      "oj-button": {
        "path": "ojs/ojbutton"
      },
      "oj-form-layout": {
        "path": "ojs/ojformlayout"
      },
      "oj-input-text": {
        "path": "ojs/ojinputtext"
      },
      "oj-select-single": {
        "path": "ojs/ojselectsingle"
      },
      "oj-table": {
        "path": "ojs/ojtable"
      }
   },
    "modules": {
      "ojValidationBase": {
        "path": "ojs/ojvalidation-base"
      }
    }
  }
}