{
  "title": "advanced functionality pagination",
  "description": "",
  "variables": {
    "countriesListSDP": {
      "type": "vb/ServiceDataProvider",
      "defaultValue": {
        "endpoint": "businessObjects/getall_Countries",
        "keyAttributes": "id",
        "itemsPath": "items",
        "responseType": "getallCountriesResponse"
      }
    }
  },
  "metadata": {},
  "types": {
    "@decorators.getallCountriesResponse": {
      "endpoint": "getall_Countries",
      "service": "businessObjects",
      "path": "response"
    },
    "getallCountriesResponse": {
      "items": [
        {
          "birthrate": "number",
          "country": "string",
          "deathrate": "number",
          "gDP": "number",
          "id": "number",
          "literacy": "number",
          "population": "number",
          "region": "string"
        }
      ]
    }
  },
  "eventListeners": {},
  "imports": {
    "components": {
      "oj-input-number": {
        "path": "ojs/ojinputnumber"
      },
      "oj-table": {
        "path": "ojs/ojtable"
      }
   }
  }
}