{
  "title": "advanced functionality",
  "description": "",
  "variables": {
    "currentEditRow": {
      "type": "get_Employee"
    },
    "EmployeeADP": {
      "type": "vb/ArrayDataProvider2",
      "defaultValue": {
        "itemType": "get_Employee",
        "keyAttributes": "id"
      }
    },
    "qualificationListSDP": {
      "type": "vb/ServiceDataProvider",
      "defaultValue": {
        "endpoint": "businessObjects/getall_Qualification",
        "keyAttributes": "qualification",
        "itemsPath": "items",
        "responseType": "getallQualificationResponse",
        "transformsContext": {
          "vb-textFilterAttributes": [
            "qualification"
          ]
        }
      }
    }
  },
  "metadata": {},
  "types": {
    "@decorators.get_Employee": {
      "endpoint": "get_Employee",
      "service": "businessObjects",
      "path": "response"
    },
    "@decorators.getallQualificationResponse": {
      "endpoint": "getall_Qualification",
      "service": "businessObjects",
      "path": "response"
    },
    "get_Employee": {
      "age": "number",
      "contactNumber": "string",
      "emailAddress": "string",
      "firstName": "string",
      "fullName": "string",
      "id": "number",
      "lastName": "string",
      "qualification": "string"
    },
    "getallQualificationResponse": {
      "items": [
        {
          "qualification": "string"
        }
      ]
    }
  },
  "eventListeners": {
    "buttonAction": {
      "chains": [
        {
          "chain": "ButtonActionChain"
        }
      ]
    },
    "tableBeforeRowEdit": {
      "chains": [
        {
          "chain": "TableBeforeRowEditChain",
          "parameters": {
            "rowKey": "{{$event.detail.rowContext.status.rowKey}}",
            "rowIndex": "{{$event.detail.rowContext.status.rowIndex}}",
            "rowData": "{{$event.detail.rowContext.componentElement.getDataForVisibleRow($event.detail.rowContext.status.rowIndex).data}}"
          }
        }
      ]
    },
    "tableBeforeRowEditEnd": {
      "chains": [
        {
          "chain": "TableBeforeRowEditEndChain",
          "parameters": {
            "cancelEdit": "{{$event.detail.cancelEdit}}",
            "rowKey": "{{$event.detail.rowContext.status.rowKey}}",
            "rowIndex": "{{$event.detail.rowContext.status.rowIndex}}",
            "rowData": "{{$event.detail.rowContext.componentElement.getDataForVisibleRow($event.detail.rowContext.status.rowIndex).data}}"
          }
        }
      ]
    },
    "vbEnter": {
      "chains": [
        {
          "parameters": {},
          "chain": "loadEmployeeData"
        }
      ]
    }
  },
  "imports": {
    "components": {
      "oj-button": {
        "path": "ojs/ojbutton"
      },
      "oj-input-number": {
        "path": "ojs/ojinputnumber"
      },
      "oj-input-text": {
        "path": "ojs/ojinputtext"
      },
      "oj-select-single": {
        "path": "ojs/ojselectsingle"
      },
      "oj-table": {
        "path": "ojs/ojtable"
      }
   },
    "modules": {
      "ojValidationBase": {
        "path": "ojs/ojvalidation-base"
      }
    }
  }
}