id,creationDate,lastUpdateDate,createdBy,lastUpdatedBy,name,quantity,employeeId,description
9,2025-05-05T02:48:57.216,2025-05-05T02:48:57.216,98833096-ora006,98833096-ora006,Laptop,1,"""3""",One Dell Laptop
10,2025-05-05T02:48:57.218,2025-05-05T02:48:57.218,98833096-ora006,98833096-ora006,Mouse,2,"""4""",One wired and one wireless
11,2025-05-05T02:48:57.218,2025-05-05T02:48:57.218,98833096-ora006,98833096-ora006,Keyboard,1,"""5""",Wired Keyboard
12,2025-05-05T02:48:57.219,2025-05-05T02:48:57.219,98833096-ora006,98833096-ora006,Headphone,1,"""6""",One Dell headset
