{
    "displayLabel": "Sales",
    "fields": [
        {
            "displayLabel": "Id",
            "key": true,
            "name": "id",
            "oid": "3e573ec0-51a5-4e05-b9bf-8a0fbc0ec9d8",
            "required": true,
            "type": "number",
            "unique": true
        },
        {
            "displayLabel": "Created",
            "historyType": "timeCreated",
            "name": "creationDate",
            "oid": "026ad481-5bff-4afd-9dcd-c5b68444c558",
            "required": true,
            "type": "datetime"
        },
        {
            "displayLabel": "Last Updated",
            "historyType": "timeUpdated",
            "name": "lastUpdateDate",
            "oid": "1bb4c8c1-b8e1-4775-8ac5-69784476867f",
            "required": true,
            "type": "datetime"
        },
        {
            "displayLabel": "Created By",
            "historyType": "createdBy",
            "name": "createdBy",
            "oid": "af5c50e8-0e1a-41e8-bd9f-610b56b57fc6",
            "required": true,
            "type": "string"
        },
        {
            "displayLabel": "Last Updated By",
            "historyType": "updatedBy",
            "name": "lastUpdatedBy",
            "oid": "398f94c6-a569-4b10-8993-14f36122940d",
            "required": true,
            "type": "string"
        },
        {
            "displayLabel": "Version Number",
            "historyType": "versionNumber",
            "name": "versionNumber",
            "oid": "4c443eaa-a67e-41b5-94af-4c5e2564dca4",
            "type": "number"
        },
        {
            "displayLabel": "amount",
            "name": "amount",
            "oid": "7537d46f-eeb9-4987-8e56-5988f4aaf8be",
            "required": true,
            "scale": 1,
            "type": "number"
        },
        {
            "displayLabel": "year",
            "name": "year",
            "oid": "eda22f71-2c39-43b7-95e9-b770a8a8bf4a",
            "required": true,
            "scale": 1,
            "type": "number"
        },
        {
            "displayLabel": "department",
            "name": "department",
            "oid": "06a011da-bf77-4faf-a7e7-4235529c48fd",
            "required": true,
            "type": "string"
        }
    ],
    "hidden": false,
    "name": "Sales",
    "oid": "e7a6d9ab-c599-4bb1-b7ae-79f03df0767e"
}