{
  "app_title_navigation_drawer" : "Application Navigation Drawer",
  "@app_title_navigation_drawer" : {
    "description" : "Title for Application Navigation Drawer",
    "source_text" : "Application Navigation Drawer"
  },
  "app_footer_about_link" : "About",
  "@app_footer_about_link" : {
    "description" : "About link on shell footer",
    "source_text" : "About"
  },
  "app_footer_copyright" : "Created with Visual Builder, Copyright © 2024",
  "@app_footer_copyright" : {
    "description" : "Copyright text on shell footer",
    "source_text" : "Created with Visual Builder, Copyright © 2024"
  },
  "app_sign_out" : "Sign Out",
  "@app_sign_out" : {
    "description" : "Text on menu option to log out of the application",
    "source_text" : "Sign Out"
  },
  "app_theme" : "Theme",
  "@app_theme" : {
    "description" : "Text on menu button for displaying themes",
    "source_text" : "Theme"
  },
  "app_theme_light" : "Light",
  "@app_theme_light" : {
    "description" : "Text on menu option to switch to light theme",
    "source_text" : "Light"
  },
  "app_theme_dark" : "Dark",
  "@app_theme_dark" : {
    "description" : "Text on menu option to switch to dark theme",
    "source_text" : "Dark"
  },
  "app_theme_os" : "OS",
  "@app_theme_os" : {
    "description" : "Text on menu option to use light theme or dark theme based on the client’s OS settings",
    "source_text" : "OS"
  },
  "ceo_name" : "Nom du directeur général",
  "@ceo_name" : {
    "description" : "",
    "source_text" : "Chief Executive Name"
  },
  "ceo_title" : "Titre de directeur général",
  "@ceo_title" : {
    "description" : "",
    "source_text" : "Chief Executive Title"
  },
  "country" : "Pays",
  "@country" : {
    "description" : "",
    "source_text" : "Country"
  },
  "email" : "Email",
  "@email" : {
    "description" : "",
    "source_text" : "Email"
  },
  "url" : "URL",
  "@url" : {
    "description" : "",
    "source_text" : "URL"
  }
}