{
  "title": "Nominate Customer",
  "description": "Creates new Nomination",
  "variables": {
    "AccountsADP": {
      "type": "vb/ArrayDataProvider2",
      "defaultValue": {
        "itemType": "Accounts",
        "keyAttributes": "EmailAddress"
      }
    },
    "createNominationChainInProgress": {
      "type": "boolean",
      "defaultValue": false
    },
    "nomination": {
      "type": "createNominationRequest"
    }
  },
  "metadata": {},
  "types": {
    "@decorators.createNominationRequest": {
      "endpoint": "create_Nomination",
      "service": "businessObjects",
      "path": "request"
    },
    "Accounts": {
      "CEOName": "string",
      "EmailAddress": "string"
    },
    "createNominationRequest": {
      "cEONAME": "string",
      "emailAddress": "string",
      "nominated": "boolean"
    }
  },
  "eventListeners": {
    "backButtonClicked": {
      "chains": [
        {
          "chain": "goBackChain"
        }
      ]
    },
    "saveButtonClicked": {
      "chains": [
        {
          "chain": "createNominationChain"
        }
      ]
    },
    "selectValueItem": {
      "chains": [
        {
          "chain": "SelectValueItemChangeChain",
          "parameters": {
            "key": "{{$event.detail.value.key}}",
            "data": "{{$event.detail.value.data}}",
            "metadata": "{{$event.detail.value.metadata}}"
          }
        }
      ]
    },
    "vbEnter": {
      "chains": [
        {
          "parameters": {},
          "chain": "loadData"
        }
      ]
    }
  },
  "imports": {
    "components": {
      "oj-button": {
        "path": "ojs/ojbutton"
      },
      "oj-form-layout": {
        "path": "ojs/ojformlayout"
      },
      "oj-select-single": {
        "path": "ojs/ojselectsingle"
      },
      "oj-validation-group": {
        "path": "ojs/ojvalidationgroup"
      }
   }
  }
}