{
  "title": "Nomination",
  "description": "",
  "variables": {
    "nominationListSDP": {
      "type": "vb/ServiceDataProvider",
      "defaultValue": {
        "endpoint": "businessObjects/getall_Nomination",
        "keyAttributes": "id",
        "itemsPath": "items",
        "responseType": "getallNominationResponse"
      }
    }
  },
  "metadata": {},
  "types": {
    "@decorators.getallNominationResponse": {
      "endpoint": "getall_Nomination",
      "service": "businessObjects",
      "path": "response"
    },
    "getallNominationResponse": {
      "items": [
        {
          "cEONAME": "string",
          "emailAddress": "string",
          "id": "number",
          "nominated": "boolean"
        }
      ]
    }
  },
  "eventListeners": {
    "createNominationButtonClicked": {
      "chains": [
        {
          "chain": "navigateToCreateNominationChain"
        }
      ]
    },
    "switchValue": {
      "chains": [
        {
          "chain": "SwitchValueChangeChain",
          "parameters": {
            "value": "{{ $event.detail.value }}",
            "key": "{{ $current.key }}",
            "index": "{{ $current.index }}",
            "current": "{{ $current }}"
          }
        }
      ]
    }
  },
  "imports": {
    "components": {
      "oj-button": {
        "path": "ojs/ojbutton"
      },
      "oj-switch": {
        "path": "ojs/ojswitch"
      },
      "oj-table": {
        "path": "ojs/ojtable"
      },
      "oj-toolbar": {
        "path": "ojs/ojtoolbar"
      }
   }
  }
}