{
  "title": "Edit Employee",
  "description": "Updates single Employee record",
  "variables": {
    "employee": {
      "type": "getEmployeeResponse"
    },
    "employeeETag": {
      "type": "string"
    },
    "employeeId": {
      "type": "string",
      "required": true,
      "input": "fromUrl"
    },
    "fetchedEmployee": {
      "type": "getEmployeeResponse"
    },
    "saveEmployeeChainInProgress": {
      "type": "boolean",
      "defaultValue": false
    }
  },
  "metadata": {},
  "types": {
    "@decorators.getEmployeeResponse": {
      "endpoint": "get_Employee",
      "service": "businessObjects",
      "path": "response"
    },
    "getEmployeeResponse": {
      "age": "number",
      "emailAddress": "string",
      "firstName": "string",
      "lastName": "string",
      "qualification": "string"
    }
  },
  "eventListeners": {
    "backButtonClicked": {
      "chains": [
        {
          "chain": "goBackChain"
        }
      ]
    },
    "saveButtonClicked": {
      "chains": [
        {
          "chain": "saveEmployeeChain"
        }
      ]
    },
    "vbEnter": {
      "chains": [
        {
          "chain": "loadEmployeeChain"
        }
      ]
    }
  },
  "imports": {
    "components": {
      "oj-button": {
        "path": "ojs/ojbutton"
      },
      "oj-form-layout": {
        "path": "ojs/ojformlayout"
      },
      "oj-input-number": {
        "path": "ojs/ojinputnumber"
      },
      "oj-input-text": {
        "path": "ojs/ojinputtext"
      },
      "oj-validation-group": {
        "path": "ojs/ojvalidationgroup"
      }
   },
    "modules": {
      "ojValidationBase": {
        "path": "ojs/ojvalidation-base"
      }
    }
  }
}