{
  "title": "main calculator",
  "description": "",
  "variables": {
    "number1": {
      "type": "number"
    },
    "number2": {
      "type": "number"
    },
    "result": {
      "type": "number"
    }
  },
  "metadata": {},
  "types": {},
  "eventListeners": {
    "buttonAction": {
      "chains": [
        {
          "chain": "ButtonActionChain2",
          "parameters": {
            "operation": "add"
          }
        }
      ]
    },
    "buttonAction2": {
      "chains": [
        {
          "chain": "ButtonActionChain3"
        }
      ]
    },
    "buttonAction3": {
      "chains": [
        {
          "chain": "ButtonActionChain4"
        }
      ]
    },
    "buttonAction4": {
      "chains": [
        {
          "chain": "ButtonActionChain5"
        }
      ]
    }
  },
  "imports": {
    "components": {
      "oj-button": {
        "path": "ojs/ojbutton"
      },
      "oj-input-number": {
        "path": "ojs/ojinputnumber"
      }
   }
  }
}