{
  "title": "Create Employee",
  "description": "Creates new Employee",
  "variables": {
    "createEmployeeChainInProgress": {
      "type": "boolean",
      "defaultValue": false
    },
    "employee": {
      "type": "createEmployeeRequest"
    }
  },
  "metadata": {},
  "types": {
    "@decorators.createEmployeeRequest": {
      "endpoint": "create_Employee",
      "service": "businessObjects",
      "path": "request"
    },
    "createEmployeeRequest": {
      "age": "number",
      "emailAddress": "string",
      "firstName": "string",
      "lastName": "string",
      "qualification": "string"
    }
  },
  "eventListeners": {
    "backButtonClicked": {
      "chains": [
        {
          "chain": "goBackChain"
        }
      ]
    },
    "saveButtonClicked": {
      "chains": [
        {
          "chain": "createEmployeeChain"
        }
      ]
    }
  },
  "imports": {
    "components": {
      "oj-button": {
        "path": "ojs/ojbutton"
      },
      "oj-form-layout": {
        "path": "ojs/ojformlayout"
      },
      "oj-input-number": {
        "path": "ojs/ojinputnumber"
      },
      "oj-input-text": {
        "path": "ojs/ojinputtext"
      },
      "oj-validation-group": {
        "path": "ojs/ojvalidationgroup"
      }
   },
    "modules": {
      "ojValidationBase": {
        "path": "ojs/ojvalidation-base"
      }
    }
  }
}