{
  "title": "main",
  "description": "",
  "variables": {
    "empIdDelete": {
      "type": "string"
    },
    "employeeListSDP": {
      "type": "vb/ServiceDataProvider",
      "defaultValue": {
        "endpoint": "businessObjects/getall_Employee",
        "keyAttributes": "id",
        "itemsPath": "items",
        "responseType": "getallEmployeeResponse"
      }
    },
    "oj_table_2002782212_1SelectedId": {
      "type": "string",
      "defaultValue": ""
    }
  },
  "metadata": {},
  "types": {
    "@decorators.getallEmployeeResponse": {
      "endpoint": "getall_Employee",
      "service": "businessObjects",
      "path": "response"
    },
    "getallEmployeeResponse": {
      "items": [
        {
          "age": "number",
          "emailAddress": "string",
          "firstName": "string",
          "fullName": "string",
          "id": "number",
          "lastName": "string",
          "qualification": "string"
        }
      ]
    }
  },
  "eventListeners": {
    "createEmployeeButtonClicked": {
      "chains": [
        {
          "chain": "navigateToCreateEmployeeChain"
        }
      ]
    },
    "deleteEmployeeButtonClicked": {
      "chains": [
        {
          "chain": "deleteEmployeeChain",
          "parameters": {
            "employeeId": "[[ $variables.oj_table_2002782212_1SelectedId ]]"
          }
        }
      ]
    },
    "editEmployeeButtonClicked": {
      "chains": [
        {
          "chain": "navigateToEditEmployeeChain",
          "parameters": {
            "employeeId": "[[ $variables.oj_table_2002782212_1SelectedId ]]"
          }
        }
      ]
    },
    "oj_table_2002782212_1SelectionChanged": {
      "chains": [
        {
          "chain": "ojTable20027822121ChangeSelectionChain",
          "parameters": {
            "employeeId": "[[ $event.detail.value.key || '' ]]"
          }
        }
      ]
    }
  },
  "imports": {
    "components": {
      "oj-button": {
        "path": "ojs/ojbutton"
      },
      "oj-input-number": {
        "path": "ojs/ojinputnumber"
      },
      "oj-table": {
        "path": "ojs/ojtable"
      },
      "oj-toolbar": {
        "path": "ojs/ojtoolbar"
      }
   }
  }
}