{
    "fields": [
        {
            "type": "number",
            "name": "id",
            "internal": false,
            "key": true,
            "oid": "a7cc8480-d08e-4baf-97d7-7f83e14d8bdd",
            "required": true,
            "unique": true,
            "displayLabel": "Id"
        },
        {
            "type": "datetime",
            "name": "creationDate",
            "internal": false,
            "oid": "316111c6-1710-4310-ac9b-044041c6be70",
            "displayLabel": "Created",
            "historyType": "timeCreated"
        },
        {
            "type": "datetime",
            "name": "lastUpdateDate",
            "internal": false,
            "oid": "9df28b7f-4789-4eab-a6ac-4487ba15b5f1",
            "displayLabel": "Last Updated",
            "historyType": "timeUpdated"
        },
        {
            "type": "string",
            "name": "createdBy",
            "internal": false,
            "oid": "916df2bf-6612-4b7d-88e7-0506a4466c29",
            "displayLabel": "Created By",
            "historyType": "createdBy"
        },
        {
            "type": "string",
            "name": "lastUpdatedBy",
            "internal": false,
            "oid": "796d7892-eab2-49ce-a46e-a76eb49ad6fa",
            "displayLabel": "Last Updated By",
            "historyType": "updatedBy"
        },
        {
            "type": "number",
            "name": "versionNumber",
            "internal": false,
            "oid": "c3d17d76-5740-42a0-906e-62fecb883e3b",
            "displayLabel": "Version Number",
            "historyType": "versionNumber"
        },
        {
            "type": "string",
            "name": "name",
            "oid": "e62cf4fc-5b82-441d-a9a9-c055b8865e14",
            "displayLabel": "Name"
        },
        {
            "type": "number",
            "name": "quantity",
            "oid": "2728042d-1ae4-4f1d-8ab3-adb5d87401c4",
            "displayLabel": "Quantity"
        },
        {
            "type": "number",
            "name": "employeeId",
            "oid": "256a0d84-2f2a-464e-92c9-df43797d42b0",
            "displayLabel": "Employee Id"
        },
        {
            "type": "string",
            "name": "description",
            "oid": "c714774b-4fd6-482d-943a-a60c33469738",
            "displayLabel": "Description"
        }
    ],
    "name": "Inventory",
    "oid": "9ed24f0a-a477-4a14-bbe9-1883d574f7fc",
    "relationships": [
        {
            "name": "employeeIdObject",
            "reverseRelationship": "inventoryCollection",
            "targetEntity": "Employee",
            "type": "outgoing",
            "exposeAccessor": true,
            "mappingField": "employeeId",
            "deleteRule": "restrict"
        }
    ],
    "displayLabel": "Inventory"
}