id,creationDate,lastUpdateDate,createdBy,lastUpdatedBy,name,quantity,employeeId,description
9,2025-05-05T03:01:56.844,2025-05-05T03:01:56.844,98833096-ora006,98833096-ora006,Laptop,1.0,7,One Dell Laptop
10,2025-05-05T03:01:56.845,2025-05-05T03:01:56.845,98833096-ora006,98833096-ora006,Mouse,2.0,4,One wired and one wireless
11,2025-05-05T03:01:56.845,2025-05-05T03:01:56.845,98833096-ora006,98833096-ora006,Keyboard,1.0,5,Wired Keyboard
12,2025-05-05T03:01:56.846,2025-05-05T03:01:56.846,98833096-ora006,98833096-ora006,Headphone,1.0,6,One Dell headset
