{
    "displayLabel": "Countries",
    "fields": [
        {
            "displayLabel": "Id",
            "key": true,
            "name": "id",
            "oid": "77a74efb-1bd9-466f-886d-f2555188ae53",
            "required": true,
            "type": "number",
            "unique": true
        },
        {
            "displayLabel": "Created",
            "historyType": "timeCreated",
            "name": "creationDate",
            "oid": "373a9acf-be51-4e86-8586-d4cf18f71905",
            "type": "datetime"
        },
        {
            "displayLabel": "Last Updated",
            "historyType": "timeUpdated",
            "name": "lastUpdateDate",
            "oid": "c4fc8732-1e03-4f80-811e-9747d372917c",
            "type": "datetime"
        },
        {
            "displayLabel": "Created By",
            "historyType": "createdBy",
            "name": "createdBy",
            "oid": "1229275b-f84a-43ad-b077-3eba49855174",
            "type": "string"
        },
        {
            "displayLabel": "Last Updated By",
            "historyType": "updatedBy",
            "name": "lastUpdatedBy",
            "oid": "19d498b8-2f30-433a-8deb-e6e72a9b9f64",
            "type": "string"
        },
        {
            "displayLabel": "Version Number",
            "historyType": "versionNumber",
            "name": "versionNumber",
            "oid": "58c08323-2c8d-4f6d-8349-d217a8e320c7",
            "type": "number"
        },
        {
            "displayLabel": "Country",
            "name": "country",
            "oid": "ea10bd23-5d99-4838-9bcb-00b1db1bb2f1",
            "required": true,
            "type": "string"
        },
        {
            "displayLabel": "Region",
            "name": "region",
            "oid": "1a265b66-a383-4702-80ac-e411910a0916",
            "required": true,
            "type": "string"
        },
        {
            "displayLabel": "Population",
            "name": "population",
            "oid": "cbe068e7-04d0-4938-a01c-2792702bf350",
            "required": true,
            "type": "number"
        },
        {
            "displayLabel": "GDP",
            "name": "gDP",
            "oid": "759c7006-8075-45e4-b2af-a8aad9b85e92",
            "required": false,
            "type": "number"
        },
        {
            "displayLabel": "Literacy",
            "name": "literacy",
            "oid": "d37482c7-89af-40f8-be51-009ab925f6c1",
            "required": false,
            "scale": 1,
            "type": "number"
        },
        {
            "displayLabel": "Birthrate",
            "name": "birthrate",
            "oid": "f26f5657-d579-47e1-911b-7a005d03394b",
            "required": false,
            "scale": 2,
            "type": "number"
        },
        {
            "displayLabel": "Deathrate",
            "name": "deathrate",
            "oid": "dba8eb59-b1c2-4d6a-a83c-c3d1374837a8",
            "required": false,
            "scale": 2,
            "type": "number"
        }
    ],
    "hidden": false,
    "name": "Countries",
    "oid": "0e59fbd4-7891-436a-af6d-2e4dbb728be6"
}