{
    "fields": [
        {
            "type": "number",
            "name": "id",
            "internal": false,
            "key": true,
            "oid": "a3c41f94-1046-4000-8cd4-a6f226bc4fe1",
            "required": true,
            "unique": true,
            "displayLabel": "Id"
        },
        {
            "type": "datetime",
            "name": "creationDate",
            "internal": false,
            "oid": "d1942f7b-0943-4c1e-8df7-008340120dbd",
            "displayLabel": "Created",
            "historyType": "timeCreated"
        },
        {
            "type": "datetime",
            "name": "lastUpdateDate",
            "internal": false,
            "oid": "330bfda7-75e4-4420-881b-b7232f27c19b",
            "displayLabel": "Last Updated",
            "historyType": "timeUpdated"
        },
        {
            "type": "string",
            "name": "createdBy",
            "internal": false,
            "oid": "ca73e05d-fd8c-43b8-bd76-139ab0965b7a",
            "displayLabel": "Created By",
            "historyType": "createdBy"
        },
        {
            "type": "string",
            "name": "lastUpdatedBy",
            "internal": false,
            "oid": "42b92941-17c7-44b7-ab97-e123f4b3a96e",
            "displayLabel": "Last Updated By",
            "historyType": "updatedBy"
        },
        {
            "type": "number",
            "name": "versionNumber",
            "internal": false,
            "oid": "42b7ffec-2a86-4b97-93bd-31910b965c03",
            "displayLabel": "Version Number",
            "historyType": "versionNumber"
        },
        {
            "type": "string",
            "name": "cEONAME",
            "oid": "da39a8b8-e6b9-4b37-8617-431bee077edb",
            "displayLabel": "cEONAME"
        },
        {
            "type": "string",
            "name": "emailAddress",
            "oid": "a6a7afef-702d-4846-80c2-cba90f5033e7",
            "displayLabel": "Email Address",
            "format": "email"
        },
        {
            "type": "boolean",
            "defaultValue": {
                "server": {
                    "type": "static",
                    "value": true
                }
            },
            "name": "nominated",
            "oid": "092f67d0-e9b3-4f25-887d-a37162ea8865",
            "displayLabel": "Nominated"
        }
    ],
    "name": "Nomination",
    "oid": "3cc6388b-2819-4f7b-aee8-1fa762be96ed",
    "displayLabel": "Nomination"
}