{
    "backends": {
        "Countries": {
            "servers": [
                {
                    "url": "https://restcountries.com/v3.1",
                    "description": "V3.1"
                }
            ]
        },
        "JSON_Placeholder": {
            "servers": [
                {
                    "url": "https://jsonplaceholder.typicode.com",
                    "description": "Jsonplaceholder Typicode Com"
                }
            ]
        },
        "users": {
            "servers": [
                {
                    "url": "https://reqres.in/api",
                    "description": "Api"
                }
            ]
        }
      }
}