{
  "id": "main",
  "description": "Flow main",
  "defaultPage": "main-calculator",
  "services": {},
  "types": {
    "@decorators.getUsersUserid": {
      "endpoint": "getUsersUserid2",
      "service": "JSONPlaceHolder",
      "path": "response"
    },
    "getUsersUserid": {
      "address": {
        "city": "string",
        "geo": {
          "lat": "string",
          "lng": "string"
        },
        "street": "string",
        "suite": "string",
        "zipcode": "string"
      },
      "company": {
        "bs": "string",
        "catchPhrase": "string",
        "name": "string"
      },
      "email": "string",
      "id": "number",
      "name": "string",
      "phone": "string",
      "username": "string",
      "website": "string"
    }
  },
  "variables": {
    "userInformation": {
      "type": "getUsersUserid"
    }
  },
  "@dt": {
    "chains": {
      "validateFormChain": {
        "autowire": {
          "contextKey": "vb-quickstarts-js",
          "name": "validateFormChain"
        }
      }
    }
  }
}