{
    "fields": [
        {
            "type": "number",
            "name": "id",
            "internal": false,
            "key": true,
            "oid": "d8aed918-9aa3-4ffe-9c19-2708ba216a2b",
            "required": true,
            "unique": true,
            "displayLabel": "Id"
        },
        {
            "type": "datetime",
            "name": "creationDate",
            "internal": false,
            "oid": "1798d828-f925-45fe-9921-b55ae0634654",
            "displayLabel": "Created",
            "historyType": "timeCreated"
        },
        {
            "type": "datetime",
            "name": "lastUpdateDate",
            "internal": false,
            "oid": "61aee53f-5b84-4746-9c8f-0097e757fb22",
            "displayLabel": "Last Updated",
            "historyType": "timeUpdated"
        },
        {
            "type": "string",
            "name": "createdBy",
            "internal": false,
            "oid": "2036afa5-a155-4156-9aeb-aa1e9c03bc86",
            "displayLabel": "Created By",
            "historyType": "createdBy"
        },
        {
            "type": "string",
            "name": "lastUpdatedBy",
            "internal": false,
            "oid": "0517b31a-bd34-4fc3-a0ed-a929ec10609c",
            "displayLabel": "Last Updated By",
            "historyType": "updatedBy"
        },
        {
            "type": "number",
            "name": "versionNumber",
            "internal": false,
            "oid": "164873be-dd44-464c-93fd-9e782c45e5a2",
            "displayLabel": "Version Number",
            "historyType": "versionNumber"
        },
        {
            "type": "string",
            "name": "address1",
            "oid": "76810f80-18dd-4f9d-beec-ab02a4195b4d",
            "displayLabel": "Address1"
        },
        {
            "type": "string",
            "name": "address2",
            "oid": "b03d24f8-0fb4-4307-bdb2-0e80b45ec3dd",
            "displayLabel": "Address2"
        },
        {
            "type": "string",
            "name": "city",
            "oid": "c5092dc5-319c-49a3-ae72-9f31bf548acd",
            "displayLabel": "City"
        },
        {
            "type": "string",
            "name": "state",
            "oid": "e584f4ca-4d4f-46ee-ae52-2633e899ac29",
            "displayLabel": "State"
        },
        {
            "type": "string",
            "name": "country",
            "oid": "c3ca6ca5-13ab-4846-a1c3-3c3316f708fe",
            "displayLabel": "Country"
        },
        {
            "type": "number",
            "name": "zipCode",
            "oid": "3fa08661-dd20-44c6-961f-8d4c6c5dc33c",
            "displayLabel": "Zip Code"
        },
        {
            "type": "number",
            "name": "employeeId",
            "oid": "e5088a8b-df7c-4f44-aed9-87783b2c3021",
            "displayLabel": "Employee Id"
        }
    ],
    "name": "Address",
    "oid": "5c1289e1-d850-4160-aa9d-735409ec7930",
    "relationships": [
        {
            "name": "employeeIdObject",
            "reverseRelationship": "addressCollection",
            "targetEntity": "Employee",
            "type": "outgoing",
            "exposeAccessor": true,
            "mappingField": "employeeId",
            "deleteRule": "restrict"
        }
    ],
    "displayLabel": "Address"
}