id,creationDate,lastUpdateDate,createdBy,lastUpdatedBy,address1,address2,city,state,country,zipCode,employeeId
1,2025-05-05T02:31:17.569,2025-05-05T02:57:43,98833096-ora006,98833096-ora006,124 Maple St,Apt 4B,New York,NY,USA,10001.0,4
2,2025-05-05T02:31:17.569,2025-05-05T02:31:17.569,98833096-ora006,98833096-ora006,456 Oak Ave,,Los Angeles,CA,USA,90001.0,5
3,2025-05-05T02:31:17.569,2025-05-05T02:31:17.569,98833096-ora006,98833096-ora006,789 Pine Rd,Suite 300,Chicago,IL,USA,60601.0,6
4,2025-05-05T02:31:17.57,2025-05-05T02:31:17.57,98833096-ora006,98833096-ora006,321 Cedar Blvd,Floor 2,Houston,TX,USA,77002.0,7
5,2025-05-05T02:31:17.57,2025-05-05T02:31:17.57,98833096-ora006,98833096-ora006,654 Birch Ln,Unit 5A,Phoenix,AZ,USA,85001.0,8
6,2025-05-05T02:31:17.57,2025-05-05T02:31:17.57,98833096-ora006,98833096-ora006,987 Spruce Dr,,Philadelphia,PA,USA,19103.0,9
7,2025-05-05T02:31:17.57,2025-05-05T02:31:17.57,98833096-ora006,98833096-ora006,246 Elm St,Building B,San Antonio,TX,USA,78205.0,10
8,2025-05-05T02:31:17.57,2025-05-05T02:31:17.57,98833096-ora006,98833096-ora006,135 Willow Way,Apt 12C,San Diego,CA,USA,92101.0,11
9,2025-05-05T02:31:17.571,2025-05-05T02:31:17.571,98833096-ora006,98833096-ora006,864 Redwood Ct,,Dallas,TX,USA,75201.0,12
10,2025-05-05T02:31:17.571,2025-05-05T02:31:17.571,98833096-ora006,98833096-ora006,579 Ash St,Unit 7,San Jose,CA,USA,95112.0,13
