id,creationDate,lastUpdateDate,createdBy,lastUpdatedBy,address1,address2,city,state,country,zipCode,employeeId
3,2025-05-05T02:31:17.569,2025-05-05T02:31:17.569,98833096-ora006,98833096-ora006,789 Pine Rd,Suite 300,Chicago,IL,USA,60601.0,6
5,2025-05-05T02:31:17.57,2025-05-05T02:31:17.57,98833096-ora006,98833096-ora006,654 Birch Ln,Unit 5A,Phoenix,AZ,USA,85001.0,8
7,2025-05-05T02:31:17.57,2025-05-05T02:31:17.57,98833096-ora006,98833096-ora006,246 Elm St,Building B,San Antonio,TX,USA,78205.0,10
10,2025-05-05T02:31:17.571,2025-05-05T02:31:17.571,98833096-ora006,98833096-ora006,579 Ash St,Unit 7,San Jose,CA,USA,95112.0,13
