{
    "fields": [
        {
            "type": "number",
            "name": "id",
            "internal": false,
            "key": true,
            "oid": "4e0d37d5-b43b-4d77-b271-2c3b335fb7d5",
            "required": true,
            "unique": true,
            "displayLabel": "Id"
        },
        {
            "type": "datetime",
            "name": "creationDate",
            "internal": false,
            "oid": "8cc9a728-0f7d-4575-962a-a495bab121b8",
            "displayLabel": "Created",
            "historyType": "timeCreated"
        },
        {
            "type": "datetime",
            "name": "lastUpdateDate",
            "internal": false,
            "oid": "97587366-6d28-47e9-8ffb-1047134c50a4",
            "displayLabel": "Last Updated",
            "historyType": "timeUpdated"
        },
        {
            "type": "string",
            "name": "createdBy",
            "internal": false,
            "oid": "d9084c8e-142e-4520-a253-907f121307d6",
            "displayLabel": "Created By",
            "historyType": "createdBy"
        },
        {
            "type": "string",
            "name": "lastUpdatedBy",
            "internal": false,
            "oid": "ba865bf4-1149-44ab-8f35-53f71db158d3",
            "displayLabel": "Last Updated By",
            "historyType": "updatedBy"
        },
        {
            "type": "number",
            "name": "versionNumber",
            "internal": false,
            "oid": "ab292df2-9fbc-4c6e-ab51-48498933dae2",
            "displayLabel": "Version Number",
            "historyType": "versionNumber"
        },
        {
            "type": "string",
            "name": "qualification",
            "oid": "7d344702-cc03-4b01-adaa-07550d6e9c53",
            "displayLabel": "Qualification"
        }
    ],
    "name": "Qualification",
    "oid": "25840d54-1c3d-4128-b4e0-c56685d4c40c",
    "displayLabel": "Qualification"
}