{
  "title": "lifecycle dependent lov",
  "description": "",
  "variables": {
    "employeeListSDP": {
      "type": "vb/ServiceDataProvider",
      "defaultValue": {
        "endpoint": "businessObjects/getall_Employee",
        "keyAttributes": "id",
        "itemsPath": "items",
        "responseType": "getallEmployeeResponse",
        "transformsContext": {
          "vb-textFilterAttributes": [
            "emailAddress"
          ]
        }
      }
    },
    "inventoryListSDP": {
      "type": "vb/ServiceDataProvider",
      "defaultValue": {
        "endpoint": "businessObjects/getall_Inventory",
        "keyAttributes": "id",
        "itemsPath": "items",
        "responseType": "getallInventoryResponse2",
        "transformsContext": {
          "vb-textFilterAttributes": [
            "name"
          ]
        },
        "filterCriterion": {
          "op": "$eq",
          "attribute": "employeeId",
          "value": "-1"
        }
      }
    }
  },
  "metadata": {},
  "types": {
    "@decorators.getallEmployeeResponse": {
      "endpoint": "getall_Employee",
      "service": "businessObjects",
      "path": "response"
    },
    "@decorators.getallInventoryDetailsResponse": {
      "endpoint": "getall_InventoryDetails",
      "service": "businessObjects",
      "path": "response"
    },
    "@decorators.getallInventoryResponse": {
      "endpoint": "getall_Inventory",
      "service": "businessObjects",
      "path": "response"
    },
    "@decorators.getallInventoryResponse2": {
      "endpoint": "getall_Inventory",
      "service": "businessObjects",
      "path": "response"
    },
    "getallEmployeeResponse": {
      "items": [
        {
          "emailAddress": "string",
          "id": "number"
        }
      ]
    },
    "getallInventoryDetailsResponse": {
      "items": [
        {
          "id": "number",
          "name": "string"
        }
      ]
    },
    "getallInventoryResponse": {
      "items": [
        {
          "id": "number",
          "name": "string"
        }
      ]
    },
    "getallInventoryResponse2": {
      "items": [
        {
          "id": "number",
          "name": "string"
        }
      ]
    }
  },
  "eventListeners": {
    "selectValueItem": {
      "chains": [
        {
          "chain": "SelectValueItemChangeChain",
          "parameters": {
            "key": "{{$event.detail.value.key}}",
            "data": "{{$event.detail.value.data}}",
            "metadata": "{{$event.detail.value.metadata}}"
          }
        }
      ]
    },
    "selectValueItem2": {
      "chains": [
        {
          "chain": "SelectValueItemChangeChain",
          "parameters": {
            "key": "{{$event.detail.value.key}}",
            "data": "{{$event.detail.value.data}}",
            "metadata": "{{$event.detail.value.metadata}}"
          }
        }
      ]
    }
  },
  "imports": {
    "components": {
      "oj-select-single": {
        "path": "ojs/ojselectsingle"
      }
   }
  }
}