{
  "title": "lifecycle onboard employee",
  "description": "",
  "variables": {
    "newEmpployee": {
      "type": "get_Employee"
    }
  },
  "metadata": {},
  "types": {
    "@decorators.get_Employee": {
      "endpoint": "get_Employee",
      "service": "businessObjects",
      "path": "response"
    },
    "get_Employee": {
      "age": "number",
      "contactNumber": "string",
      "emailAddress": "string",
      "firstName": "string",
      "fullName": "string",
      "id": "number",
      "lastName": "string",
      "qualification": "string"
    }
  },
  "eventListeners": {
    "buttonAction": {
      "chains": [
        {
          "chain": "ButtonActionChain"
        }
      ]
    }
  },
  "imports": {
    "components": {
      "oj-button": {
        "path": "ojs/ojbutton"
      },
      "oj-input-text": {
        "path": "ojs/ojinputtext"
      },
      "oj-validation-group": {
        "path": "ojs/ojvalidationgroup"
      }
   }
  }
}