{
  "title": "lifecycle",
  "description": "",
  "variables": {
    "addressListSDP": {
      "type": "vb/ServiceDataProvider",
      "defaultValue": {
        "endpoint": "businessObjects/getall_Address",
        "keyAttributes": "id",
        "itemsPath": "items",
        "responseType": "getallAddressResponse",
        "filterCriterion": {
          "op": "$eq",
          "attribute": "employeeId",
          "value": "-1"
        }
      }
    },
    "EmployeeADP": {
      "type": "vb/ArrayDataProvider2",
      "defaultValue": {
        "itemType": "get_Employee",
        "keyAttributes": "id"
      }
    },
    "fullName": {
      "type": "string",
      "defaultValue": "' '"
    }
  },
  "metadata": {},
  "types": {
    "@decorators.get_Employee": {
      "endpoint": "get_Employee",
      "service": "businessObjects",
      "path": "response"
    },
    "@decorators.getallAddressResponse": {
      "endpoint": "getall_Address",
      "service": "businessObjects",
      "path": "response"
    },
    "get_Employee": {
      "age": "number",
      "contactNumber": "string",
      "emailAddress": "string",
      "firstName": "string",
      "fullName": "string",
      "id": "number",
      "lastName": "string",
      "qualification": "string"
    },
    "getallAddressResponse": {
      "items": [
        {
          "address1": "string",
          "address2": "string",
          "city": "string",
          "country": "string",
          "id": "number",
          "state": "string",
          "zipCode": "number"
        }
      ]
    }
  },
  "eventListeners": {
    "tableFirstSelectedRow": {
      "chains": [
        {
          "chain": "TableFirstSelectedRowChangeChain",
          "parameters": {
            "rowKey": "{{$event.detail.value.key}}",
            "rowData": "{{$event.detail.value.data}}"
          }
        }
      ]
    },
    "vbEnter": {
      "chains": [
        {
          "parameters": {},
          "chain": "loadEmployeeData"
        }
      ]
    }
  },
  "imports": {
    "components": {
      "oj-table": {
        "path": "ojs/ojtable"
      }
   }
  }
}