{
    "fieldValidators": [
        {
            "active": "active",
            "displayName": "Age Validator",
            "errorMessage": "Age must be greater or equal to 18",
            "functionBody": "newValue >= 18",
            "lastUpdate": "2025-05-05T01:52:33",
            "oid": "4aeea914-54fc-47b1-8208-91841a144a38",
            "scriptMimeType": "application/x-adf-groovy",
            "onField": "age"
        }
      ],
    "objectFunctions": [
        {
            "active": "active",
            "functionBody": "def vo = newView('Employee');\r\nvo.appendViewCriteria(\"firstName ='\"+name+\"'\");\r\nvo.executeQuery();\r\n  def totalUsers = 0\r\n  while(vo.hasNext()){\r\n    vo.next()\r\n    totalUsers = totalUsers + 1\r\n  }\r\nreturn totalUsers;",
            "functionName": "TotalUsers",
            "lastUpdate": "2025-05-05T02:01:44",
            "oid": "a22e3bcd-fc30-451e-9933-7b7f44f194c3",
            "parameters": [
                {
                    "parameterName": "name",
                    "parameterType": "String"
                }
            ],
            "returnType": "Long",
            "scriptMimeType": "application/x-adf-groovy",
            "visibility": [
                "external"
            ]
        }
      ],
    "objectValidators": [],
    "triggers": [
        {
            "active": "active",
            "description": "An Email notification will be sent once  an employee is created.",
            "displayName": "SendEmail",
            "lastUpdate": "2025-05-05T01:23:47",
            "oid": "f161e440-e84b-4423-b592-b119eeef7ecd",
            "scriptMimeType": "application/x-adf-groovy",
            "triggerEvents": [
                "BeforeInsert"
            ],
            "workflow": {
                "nodeType": "criterion",
                "type": "always",
                "displayName": "Always Execute",
                "outcomes": {
                    "false": {
                        "nodeType": "terminus",
                        "type": "end",
                        "for": "trigger"
                    },
                    "true": {
                        "nodeType": "actionGroup",
                        "displayName": "Action Group",
                        "after": {
                            "nodeType": "terminus",
                            "type": "continue",
                            "for": "criteria"
                        },
                        "methodDefinition": {
                            "typeId": "emailNotification",
                            "archetypeId": "WorkflowPage__EmployeeDetailArchetype",
                            "vars": {
                                "to": "{\"expressionValue\":\"=emailAddress\",\"inputMode\":\"expression\"}",
                                "templateId": "-1",
                                "emailTemplate": "{\"subject\":\"Employee Created Successfully\",\"body\":\"<p>Hi [[Parameter1]],</p><p>Congratulations, you are onboarded successfully.</p><p>Regards,</p><p>Team</p>\"}",
                                "templateValues": "[{\"expressionValue\":\"=firstName\",\"referenceValue\":\"firstName\",\"inputMode\":\"reference\",\"parameter\":\"Parameter1\"}]",
                                "methodName": "onEmployeeActionGroupExecute",
                                "pageEvent": "actionGroupExecute"
                            },
                            "outcomeHandlers": {}
                        }
                    }
                }
            }
        }
      ],
    "fieldTriggers": []
}