id,creationDate,lastUpdateDate,createdBy,lastUpdatedBy,firstName,lastName,age,emailAddress,qualification,contactNumber
4,2025-05-05T02:20:48.375,2025-05-05T02:20:48.375,98833096-ora006,98833096-ora006,John,Doe,28.0,john.doe@example.com,Bachelor's,5551234567
5,2025-05-05T02:20:48.375,2025-05-05T02:20:48.375,98833096-ora006,98833096-ora006,Jane,Smith,34.0,jane.smith@example.com,Master's,5559876543
6,2025-05-05T02:20:48.376,2025-05-05T02:20:48.376,98833096-ora006,98833096-ora006,Alice,Johnson,22.0,alice.johnson@example.com,Diploma,5556781234
7,2025-05-05T02:20:48.376,2025-05-05T02:20:48.376,98833096-ora006,98833096-ora006,Bob,Brown,40.0,bob.brown@example.com,PhD,5553219876
8,2025-05-05T02:20:48.376,2025-05-05T02:20:48.376,98833096-ora006,98833096-ora006,Charlie,Davis,30.0,charlie.davis@example.com,Bachelor's,5554567890
9,2025-05-05T02:20:48.376,2025-05-05T02:20:48.376,98833096-ora006,98833096-ora006,Diana,Evans,26.0,diana.evans@example.com,Master's,5557894321
10,2025-05-05T02:20:48.376,2025-05-05T02:20:48.376,98833096-ora006,98833096-ora006,Edward,Wilson,38.0,edward.wilson@example.com,PhD,5552468135
11,2025-05-05T02:20:48.377,2025-05-05T02:20:48.377,98833096-ora006,98833096-ora006,Frank,Miller,25.0,frank.miller@example.com,Diploma,5551357924
12,2025-05-05T02:20:48.377,2025-05-05T02:20:48.377,98833096-ora006,98833096-ora006,Grace,Moore,29.0,grace.moore@example.com,Bachelor's,5551122334
13,2025-05-05T02:20:48.378,2025-05-05T02:20:48.378,98833096-ora006,98833096-ora006,Harry,Taylor,33.0,harry.taylor@example.com,Master's,5556677889
