id,creationDate,lastUpdateDate,createdBy,lastUpdatedBy,firstName,lastName,age,emailAddress,qualification,contactNumber
6,2025-05-05T02:20:48.376,2025-05-13T02:01:39,98833096-ora006,98829307-ora009,Alicia,Johnson,25.0,alice.johnson@example.com,Diploma,5556781239
8,2025-05-05T02:20:48.376,2025-05-05T02:20:48.376,98833096-ora006,98833096-ora006,Charlie,Davis,30.0,charlie.davis@example.com,Bachelor's,5554567890
10,2025-05-05T02:20:48.376,2025-05-05T02:20:48.376,98833096-ora006,98833096-ora006,Edward,Wilson,38.0,edward.wilson@example.com,PhD,5552468135
11,2025-05-05T02:20:48.377,2025-05-05T02:20:48.377,98833096-ora006,98833096-ora006,Frank,Miller,25.0,frank.miller@example.com,Diploma,5551357924
12,2025-05-05T02:20:48.377,2025-05-05T02:20:48.377,98833096-ora006,98833096-ora006,Grace,Moore,29.0,grace.moore@example.com,Bachelor's,5551122334
13,2025-05-05T02:20:48.378,2025-05-05T02:20:48.378,98833096-ora006,98833096-ora006,Harry,Taylor,33.0,harry.taylor@example.com,Master's,5556677889
14,2025-05-08T03:21:02,2025-05-08T03:21:02.826,98833096-ora006,98833096-ora006,Raj,Kumar,25.0,raj.kumar@test.com,MBA,9876543210
