{
    "fields": [
        {
            "type": "number",
            "name": "id",
            "internal": false,
            "key": true,
            "oid": "77251553-ca94-4f58-a11e-e73bc614b700",
            "required": true,
            "unique": true,
            "displayLabel": "Id"
        },
        {
            "type": "datetime",
            "name": "creationDate",
            "internal": false,
            "oid": "9e33c8f4-ea86-4481-b216-6e2c73650314",
            "displayLabel": "Created",
            "historyType": "timeCreated"
        },
        {
            "type": "datetime",
            "name": "lastUpdateDate",
            "internal": false,
            "oid": "3fc56498-617e-40bd-b53f-a29f61c56e92",
            "displayLabel": "Last Updated",
            "historyType": "timeUpdated"
        },
        {
            "type": "string",
            "name": "createdBy",
            "internal": false,
            "oid": "0c12990b-0967-4e1d-84f4-00547e1e6576",
            "displayLabel": "Created By",
            "historyType": "createdBy"
        },
        {
            "type": "string",
            "name": "lastUpdatedBy",
            "internal": false,
            "oid": "904e066a-7cba-4c22-ac2a-8d5e9e503233",
            "displayLabel": "Last Updated By",
            "historyType": "updatedBy"
        },
        {
            "type": "number",
            "name": "versionNumber",
            "internal": false,
            "oid": "661a225e-4d4e-474a-bf1b-55d49678c0d5",
            "displayLabel": "Version Number",
            "historyType": "versionNumber"
        },
        {
            "type": "string",
            "name": "firstName",
            "oid": "1a7c1169-db48-43b8-af5a-d2c9080dfff5",
            "displayLabel": "First Name"
        },
        {
            "type": "string",
            "name": "lastName",
            "oid": "04150c6c-db57-4a9c-9b73-393df375d75b",
            "displayLabel": "Last Name"
        },
        {
            "type": "number",
            "name": "age",
            "oid": "6217be98-f591-4646-bc36-cba075fdf05d",
            "displayLabel": "Age"
        },
        {
            "type": "string",
            "name": "emailAddress",
            "oid": "08f1a483-cafc-493b-a97a-0dedbf8a8fb6",
            "displayLabel": "Email Address",
            "format": "email"
        },
        {
            "type": "string",
            "name": "qualification",
            "oid": "c7d8d35a-3738-4d2a-a9a3-0cc49b25c623",
            "displayLabel": "Qualification"
        },
        {
            "type": "string",
            "name": "contactNumber",
            "oid": "9ad00a3e-ed90-464e-98cc-b97c4dd16994",
            "displayLabel": "Contact Number"
        },
        {
            "type": "string",
            "formula": {
                "server": {
                    "type": "groovy",
                    "value": "firstName+' '+lastName"
                }
            },
            "name": "fullName",
            "oid": "f82454dd-cb57-45bb-a2e2-84171a50b9a1",
            "updatable": false,
            "displayLabel": "Full Name"
        }
    ],
    "name": "Employee",
    "oid": "6b633709-eee4-4f33-acc6-a1b92d1aa89c",
    "relationships": [
        {
            "name": "addressCollection",
            "reverseRelationship": "employeeIdObject",
            "targetEntity": "Address",
            "type": "incoming",
            "displayField": "id"
        },
{
            "name": "expenseCollection",
            "reverseRelationship": "employeeIdObject",
            "targetEntity": "Expense",
            "type": "incoming",
            "displayField": "id"
        },
        {
            "name": "inventoryCollection",
            "reverseRelationship": "employeeIdObject",
            "targetEntity": "Inventory",
            "type": "incoming",
            "displayField": "id"
        }
    ],
    "displayLabel": "Employee",
    "objectFunctions": [
        {
            "definition": "def vo = newView('Employee');\r\nvo.appendViewCriteria(\"firstName ='\"+name+\"'\");\r\nvo.executeQuery();\r\n  def totalUsers = 0\r\n  while(vo.hasNext()){\r\n    vo.next()\r\n    totalUsers = totalUsers + 1\r\n  }\r\nreturn totalUsers;\n",
            "name": "TotalUsers",
            "refId": "a22e3bcd-fc30-451e-9933-7b7f44f194c3",
            "parameters": [
                {
                    "name": "name",
                    "type": "String"
                }
            ],
            "returnType": "Long",
            "visibility": [
                "external"
            ]
        }
    ],
    "triggers": [
        {
            "definition": "// Trigger Beginning \nprintln 'Trigger started: SendEmail, business object: Employee, event: BeforeInsert';\n\ntry {\n\n  // Always Execute Criterion (Always Execute)\n  alwaysExecuteCriterion_1: {\n    // Action Group (Action Group)\n    eMailNotification_1: {\n      def variables = [:];\n      variables[\"Parameter1\"] = String.valueOf(firstName);\n      Email.send(String.valueOf({ emailAddress }()), \"nobody@oracle.com\", \"Employee Created Successfully\", \"<p>Hi [[Parameter1]],</p><p>Congratulations, you are onboarded successfully.</p><p>Regards,</p><p>Team</p>\", variables);\n    };\n  }\n\n} finally {\n\n  // Trigger End \n  println 'Trigger ended: SendEmail';\n\n}",
            "displayName": "SendEmail",
            "name": "BeforeInsert_Rule_0",
            "refId": "f161e440-e84b-4423-b592-b119eeef7ecd",
            "type": "BeforeInsert"
        }
    ],
    "validators": [
        {
            "definition": "newValue >= 18\n",
            "displayName": "Age Validator",
            "errorMessage": "Age must be greater or equal to 18",
            "name": "age_Validation_Rule_0",
            "refId": "4aeea914-54fc-47b1-8208-91841a144a38",
            "onProperty": "age"
        }
    ]
}